precision,recall,f1,collapse
0.8479467258601554,0.7966631908237748,0.821505376344086,True
0.8479467258601554,0.7966631908237748,0.821505376344086,True
